Server Config Name,Cpus,Memory,Spec,Nics,Gpus,80% of server power,Full server power,,,,,
A1,INTEL E3-1240 * 4 CORE * 8 Thread * 3.5 GHz * 1,32,SAS HDD * 1.2 TB * 2,1 Gbps * 2,,219,254,,,,,
ANTIDDOS_CPM,INTEL 6248 * 20 CORE * 40 Thread * 2.5 GHz * 1,96,"SAS HDD * 600 GB * 2,/r/n SATA SSD * 6000 GB * 4","10 Gbps * 2,/r/n 4 Gbps * 2",,400,450,,,,,
B1,INTEL 5120 * 14 CORE * 28 Thread * 2.2 GHz * 2,512,"SAS HDD * 1.2 TB * 2,/r/n SAS SATA * 8 TB * 12","1 Gbps * 4,/r/n 10 Gbps * 2",,481,541,,,,,
B1-SPIIZFYPOY,INTEL 5120 * 14 CORE * 28 Thread * 2.2 GHz * 2,512,"SAS HDD * 1.2 TB * 2,/r/n SAS SATA * 8 TB * 14","1 Gbps * 2,/r/n 10 Gbps * 4",,510,570,,,,,
B2,INTEL 4116 * 12 CORE * 24 Thread * 2.1 GHz * 2,512,SAS SSD * 960 GB * 8,"1 Gbps * 2,/r/n 10 Gbps * 2",,349,398,,,,,
B3,INTEL 4110 * 8 CORE * 16 Thread * 2.1 GHz * 2,128,SAS HDD * 1.8 TB * 6,"1 Gbps * 4,/r/n 10 Gbps * 2",,279,318,,,,,
C1_V2,INTEL 6248 * 20 CORE * 40 Thread * 2.5 GHz * 2,256,SAS HDD * 1.2 TB * 4,"1 Gbps * 2,/r/n 10 Gbps * 2",,426,507,,,,,
C1_V3,INTEL 4316 * 20 CORE * 40 Thread * 2.3 GHz * 2,256,SAS HDD * 1.2 TB * 4,"1 Gbps * 2,/r/n 10 Gbps * 2",,377,446,,,,,
C1_V4,INTEL 4416+ * 20 CORE * 40 Thread * 2 GHz * 2,256,NVMe SSD * 1.92 TB * 2,"1 Gbps * 2,/r/n 25 Gbps * 4",,407,478,,,,,
C2_V2,INTEL 5220R * 24 CORE * 48 Thread * 2.2 GHz * 2,512,"SAS HDD * 1.2 TB * 2,/r/n NVMe PCIe SSD * 1.92 TB * 1","1 Gbps * 2,/r/n 10 Gbps * 2",,471,512,,,,,
C3_V2,INTEL 8270 * 26 CORE * 52 Thread * 2.7 GHz * 2,1024,"SAS SSD * 960 GB * 2,/r/n NVMe PCIe SSD * 3.84 TB * 1","1 Gbps * 2,/r/n 25 Gbps * 2",,646,707,,,,,
C3_V3,INTEL 8352V * 36 CORE * 72 Thread * 2.1 GHz * 2,1024,"SAS SSD * 960 GB * 2,/r/n NVMe SSD * 3.84 TB * 1","1 Gbps * 2,/r/n 25 Gbps * 2",,635,734,,,,,
C3_V4,INTEL 6438M * 32 CORE * 64 Thread * 2.2 GHz * 2,1024,"NVMe PCIe SSD * 3.84 TB * 2,/r/n SATA SSD * 960 GB * 2","1 Gbps * 2,/r/n 25 Gbps * 2",,623,640,,,,,
C3_V4_POC,INTEL 6438M * 32 CORE * 64 Thread * 2.2 GHz * 1,1024,"SAS SSD * 960 GB * 2,/r/n NVMe PCIe SSD * 3.84 TB * 2","1 Gbps * 2,/r/n 25 Gbps * 2",,623,640,,,,,
C4_V2,INTEL 6248 * 20 CORE * 40 Thread * 2.5 GHz * 2,256,"SAS HDD * 1.2 TB * 2,/r/n SAS SSD * 1.92 TB * 8","1 Gbps * 2,/r/n 25 Gbps * 2",,497,533,,,,,
C4_V3,INTEL 8352V * 36 CORE * 72 Thread * 2.1 GHz * 2,512,"SAS SSD * 1.92 TB * 2,/r/n SATA SSD * 960 GB * 2","1 Gbps * 2,/r/n 25 Gbps * 2",,497,590,,,,,
C5_V3,INTEL 8352V * 36 CORE * 72 Thread * 2.1 GHz * 2,1024,"SAS SSD * 1.92 TB * 4,/r/n SATA SSD * 960 GB * 2","1 Gbps * 2,/r/n 25 Gbps * 2",,545,640,,,,,
CONFIG 10,INTEL E5-2620 v4 * 8 CORE * 16 Thread * 2.1 GHz * 2,128,SAS HDD * 1.2 TB * 2,"1 Gbps * 4,/r/n 10 Gbps * 4",,253,293,,,,,
CONFIG 100,INTEL 5220R * 24 CORE * 48 Thread * 2.2 GHz * 2,1536,"SAS HDD * 1.2 TB * 5,/r/n SAS SAS * 960 GB * 5","1 Gbps * 4,/r/n 10 Gbps * 2",,564,671,,,,,
CONFIG 101,INTEL E5-2640 v4 * 10 CORE * 20 Thread * 2.4 GHz * 2,64,"SATA HDD * 1 TB * 2,/r/n SATA SATA * 6 TB * 16","1 Gbps * 2,/r/n 10 Gbps * 2",,457,499,,,,,
CONFIG 102,INTEL E5-2620 v4 * 8 CORE * 16 Thread * 2.1 GHz * 2,512,"SATA SATA * 6 TB * 2,/r/n SATA HDD * 4 TB * 6","1 Gbps * 4,/r/n 10 Gbps * 2",,374,425,,,,,
CONFIG 103,INTEL E5-2640 v4 * 10 CORE * 20 Thread * 2.4 GHz * 2,128,SATA SSD * 400 GB * 4,"1 Gbps * 4,/r/n 10 Gbps * 2",,301,343,,,,,
CONFIG 104,INTEL E5-2620 v3 * 6 CORE * 12 Thread * 2.4 GHz * 2,64,SATA HDD * 1 TB * 2,1 Gbps * 4,,246,280,,,,,
CONFIG 106,INTEL E5-2670 v3 * 12 CORE * 24 Thread * 2.3 GHz * 2,64,SATA HDD * 1 TB * 2,1 Gbps * 4,,255,294,,,,,
CONFIG 126,INTEL E5-2670 v3 * 12 CORE * 24 Thread * 2.3 GHz * 2,64,SATA HDD * 1 TB * 2,"1 Gbps * 4,/r/n 10 Gbps * 4",,268,306,,,,,
CONFIG 13,INTEL E5-2620 v4 * 8 CORE * 16 Thread * 2.1 GHz * 2,32,SAS HDD * 1.2 TB * 2,1 Gbps * 4,,255,293,,,,,
CONFIG 130,INTEL E5-2640 v4 * 10 CORE * 20 Thread * 2.4 GHz * 2,128,SAS HDD * 1.2 TB * 2,"1 Gbps * 4,/r/n 10 Gbps * 2",,278,318,,,,,
CONFIG 142,INTEL E5-2470 * 8 CORE * 16 Thread * 2.3 GHz * 2,64,SAS HDD * 1.2 TB * 2,"1 Gbps * 2,/r/n 10 Gbps * 2",,262,296,,,,,
CONFIG 144,INTEL E5-2620 v2 * 6 CORE * 12 Thread * 2.1 GHz * 2,32,SATA HDD * 1 TB * 2,1 Gbps * 4,,219,254,,,,,
CONFIG 155,INTEL E5-2430 v2 * 6 CORE * 12 Thread * 2.5 GHz * 2,96,SAS HDD * 1.2 TB * 4,"1 Gbps * 2,/r/n 10 Gbps * 4",,257,297,,,,,
CONFIG 157,INTEL E5-2620 v3 * 6 CORE * 12 Thread * 2.4 GHz * 2,32,SAS HDD * 1.2 TB * 2,"1 Gbps * 2,/r/n 10 Gbps * 4",,253,291,,,,,
CONFIG 158,INTEL E5-2620 v3 * 6 CORE * 12 Thread * 2.4 GHz * 2,64,SAS HDD * 1.2 TB * 4,1 Gbps * 6,,246,285,,,,,
CONFIG 16,INTEL E5-2620 v4 * 8 CORE * 16 Thread * 2.1 GHz * 2,128,SAS HDD * 1.2 TB * 2,"1 Gbps * 4,/r/n 10 Gbps * 2",,278,318,,,,,
CONFIG 164,INTEL E5-2440 v2 * 8 CORE * 16 Thread * 1.9 GHz * 2,32,SATA HDD * 1 TB * 8,"1 Gbps * 2,/r/n 10 Gbps * 2",,336,382,,,,,
CONFIG 165,INTEL E5-2470 * 8 CORE * 16 Thread * 2.3 GHz * 2,192,SATA SSD * 800 GB * 4,"1 Gbps * 2,/r/n 10 Gbps * 2",,303,347,,,,,
CONFIG 18,INTEL E5-2620 v4 * 8 CORE * 16 Thread * 2.1 GHz * 2,64,SAS HDD * 1.2 TB * 2,1 Gbps * 4,,246,280,,,,,
CONFIG 186,INTEL 4116 * 12 CORE * 24 Thread * 2.1 GHz * 2,128,SAS HDD * 1.2 TB * 2,"1 Gbps * 2,/r/n 10 Gbps * 2",,247,286,,,,,
CONFIG 189,INTEL X5670 * 6 CORE * 12 Thread * 2.93 GHz * 2,64,SAS HDD * 1 TB * 2,1 Gbps * 2,,275,314,,,,,
CONFIG 19,,0,,,,0 0,0 0,,,,,
CONFIG 219,,0,,,,0,0,,,,,
CONFIG 219-OCHA,INTEL E5-2620 v2 * 6 CORE * 12 Thread * 2.1 GHz * 2,32,SATA HDD * 1 TB * 2,1 Gbps * 4,,0,0,,,,,
CONFIG 227,INTEL 4116 * 12 CORE * 24 Thread * 2.1 GHz * 2,128,SAS HDD * 1.2 TB * 2,"1 Gbps * 2,/r/n 10 Gbps * 2",,247,286,,,,,
CONFIG 23,INTEL E5-2620 v4 * 8 CORE * 16 Thread * 2.1 GHz * 2,128,SAS HDD * 1.2 TB * 2,"1 Gbps * 2,/r/n 10 Gbps * 4",,279,319,,,,,
CONFIG 235,INTEL E5-2620 v3 * 6 CORE * 12 Thread * 2.4 GHz * 2,64,"SATA HDD * 250 GB * 2,/r/n SATA SATA * 6 TB * 16",1 Gbps * 4,,457,499,,,,,
CONFIG 247,INTEL 8280 * 28 CORE * 56 Thread * 2.7 GHz * 2,768,"SATA HDD * 250 GB * 2,/r/n SATA SAS * 1.2 TB * 2","1 Gbps * 2,/r/n 10 Gbps * 2",,575,692,,,,,
CONFIG 26,INTEL E5-2620 v4 * 8 CORE * 16 Thread * 2.1 GHz * 2,64,SAS HDD * 300 GB * 2,1 Gbps * 4,,246,280,,,,,
CONFIG 27,INTEL E5-2680 v4 * 14 CORE * 28 Thread * 2.4 GHz * 2,1536,SAS HDD * 1.2 TB * 4,"1 Gbps * 2,/r/n 10 Gbps * 4",,438,520,,,,,
CONFIG 30,INTEL 8168 * 24 CORE * 48 Thread * 2.7 GHz * 8,6144,"SAS HDD * 1.2 TB * 2,/r/n SAS SAS * 1.92 TB * 22","1 Gbps * 2,/r/n 10 Gbps * 4",,926,1052,,,,,
CONFIG 34,INTEL E5-2658 v4 * 14 CORE * 28 Thread * 2.3 GHz * 2,512,SAS HDD * 1.2 TB * 13,10 Gbps * 2,,251,274,,,,,
CONFIG 35,INTEL E5-2658 v4 * 14 CORE * 28 Thread * 2.3 GHz * 2,256,"SAS HDD * 1.2 TB * 2,/r/n SAS SATA * 6 TB * 12","1 Gbps * 2,/r/n 10 Gbps * 2",,419,462,,,,,
CONFIG 36,INTEL 4116 * 12 CORE * 24 Thread * 2.1 GHz * 2,128,SAS HDD * 1.2 TB * 2,"1 Gbps * 2,/r/n 10 Gbps * 2",,247,286,,,,,
CONFIG 36-IKIFWUDCYB,INTEL 4116 * 12 CORE * 24 Thread * 2.1 GHz * 2,480,SAS SSD * 960 GB * 5,"1 Gbps * 2,/r/n 10 Gbps * 4",,203,224,,,,,
CONFIG 36-UVOPKAWCIV,INTEL 4110 * 8 CORE * 16 Thread * 2.1 GHz * 2,128,SAS HDD * 1.2 TB * 2,"1 Gbps * 2,/r/n 10 Gbps * 4",,279,319,,,,,
CONFIG 37,INTEL 4116 * 12 CORE * 24 Thread * 2.1 GHz * 2,128,SAS HDD * 1.2 TB * 2,"1 Gbps * 2,/r/n 10 Gbps * 4",,247,286,,,,,
CONFIG 38,INTEL 4116 * 12 CORE * 24 Thread * 2.1 GHz * 2,128,"SAS HDD * 1.2 TB * 2,/r/n SAS SAS * 8 TB * 14","1 Gbps * 2,/r/n 10 Gbps * 2",,358,396,,,,,
CONFIG 39-CLDPEGNJGB,INTEL E5-2640 v4 * 10 CORE * 20 Thread * 2.4 GHz * 2,128,SAS HDD * 1.2 TB * 2,"1 Gbps * 4,/r/n 10 Gbps * 4",,253,293,,,,,
CONFIG 39-TBUDUYEHKA,INTEL E5-2640 v4 * 10 CORE * 20 Thread * 2.4 GHz * 2,128,SAS HDD * 1.2 TB * 2,"1 Gbps * 4,/r/n 10 Gbps * 4",M40 NVIDIA * PCIE * 24 GB * 2,253,293,,,,,
CONFIG 39-UOLWAFYWUU,,0,,,,0,0,,,,,
CONFIG 39-YIDXCZOBVT,,0,,,,0,0,,,,,
CONFIG 48,INTEL E5-2640 v4 * 10 CORE * 20 Thread * 2.4 GHz * 2,512,SATA HDD * 6 TB * 6,"1 Gbps * 4,/r/n 10 Gbps * 2",,348,397,,,,,
CONFIG 49,INTEL E5-2640 v4 * 10 CORE * 20 Thread * 2.4 GHz * 2,128,SAS HDD * 1.2 TB * 2,"1 Gbps * 2,/r/n 10 Gbps * 4",,279,319,,,,,
CONFIG 54,INTEL E5-2640 v3 * 8 CORE * 16 Thread * 2.6 GHz * 2,64,SATA HDD * 1 TB * 2,"1 Gbps * 4,/r/n 10 Gbps * 4",,254,293,,,,,
CONFIG 57,INTEL E5-2640 v4 * 10 CORE * 20 Thread * 2.4 GHz * 2,64,SATA HDD * 800 GB * 6,"1 Gbps * 2,/r/n 10 Gbps * 2",,307,340,,,,,
CONFIG 6,INTEL E5-2620 v4 * 8 CORE * 16 Thread * 2.1 GHz * 2,64,"SAS HDD * 300 GB * 2,/r/n SAS SAS * 6 TB * 16",1 Gbps * 4,,457,499,,,,,
CONFIG 61,INTEL E5-2650 v4 * 12 CORE * 24 Thread * 2.2 GHz * 2,512,"SAS HDD * 300 GB * 2,/r/n SAS SATA * 4 TB * 12","1 Gbps * 2,/r/n 10 Gbps * 2",,333,356,,,,,
CONFIG 66,INTEL E5-2650 v3 * 10 CORE * 20 Thread * 2.3 GHz * 2,128,SAS HDD * 1.2 TB * 2,"1 Gbps * 4,/r/n 10 Gbps * 2",,278,318,,,,,
CONFIG 68,INTEL E5-2650 v3 * 10 CORE * 20 Thread * 2.3 GHz * 2,128,SAS HDD * 1.2 TB * 2,"1 Gbps * 4,/r/n 10 Gbps * 2",,278,318,,,,,
CONFIG 7,INTEL E5-2640 v4 * 10 CORE * 20 Thread * 2.4 GHz * 2,128,SAS HDD * 1.2 TB * 8,"1 Gbps * 4,/r/n 10 Gbps * 4",,290,325,,,,,
CONFIG 71,INTEL E5-2620 v3 * 6 CORE * 12 Thread * 2.4 GHz * 2,128,SAS HDD * 1.2 TB * 2,"1 Gbps * 4,/r/n 10 Gbps * 2",,278,318,,,,,
CONFIG 73,INTEL E5-2630 v3 * 8 CORE * 16 Thread * 2.4 GHz * 2,64,SAS HDD * 1 TB * 2,1 Gbps * 4,,246,280,,,,,
CONFIG 77,INTEL E5-2640 v4 * 10 CORE * 20 Thread * 2.4 GHz * 2,128,SAS HDD * 1.2 TB * 8,"1 Gbps * 4,/r/n 10 Gbps * 4",,290,325,,,,,
CONFIG 78,INTEL E5-2630L v4 * 10 CORE * 20 Thread * 1.9 GHz * 2,64,SAS HDD * 1.2 TB * 2,"1 Gbps * 4,/r/n 10 Gbps * 4",,254,293,,,,,
CONFIG 8,INTEL 4110 * 8 CORE * 16 Thread * 2.1 GHz * 2,128,"SAS HDD * 1.2 TB * 2,/r/n SAS SATA * 8 TB * 14","1 Gbps * 2,/r/n 10 Gbps * 2",,358,396,,,,,
CONFIG 84,INTEL E5-2640 v4 * 10 CORE * 20 Thread * 2.4 GHz * 2,192,SAS HDD * 1.2 TB * 2,"1 Gbps * 4,/r/n 10 Gbps * 2",,247,287,,,,,
CONFIG 86,INTEL E5-2670 v3 * 12 CORE * 24 Thread * 2.3 GHz * 2,192,SATA SSD * 800 GB * 7,"1 Gbps * 4,/r/n 10 Gbps * 2",,277,318,,,,,
CONFIG 9,INTEL E5-2620 v4 * 8 CORE * 16 Thread * 2.1 GHz * 2,128,SAS HDD * 1.2 TB * 2,"1 Gbps * 2,/r/n 10 Gbps * 2",,247,286,,,,,
CONFIG 94,INTEL E5-2680 v4 * 14 CORE * 28 Thread * 2.4 GHz * 2,64,SAS HDD * 1.2 TB * 2,1 Gbps * 4,M40 NVIDIA * PCIE * 24 GB * 2,837,876,,,,,
CONFIG 98,INTEL E5-2620 v3 * 6 CORE * 12 Thread * 2.4 GHz * 2,256,SAS HDD * 4 TB * 6,"1 Gbps * 4,/r/n 10 Gbps * 2",,307,346,,,,,
CONFIG 99,INTEL E5-2620 v3 * 6 CORE * 12 Thread * 2.4 GHz * 2,256,SATA HDD * 1 TB * 2,"1 Gbps * 2,/r/n 10 Gbps * 2",,300,400,,,,,
CORP_G1_V3,INTEL 6330 * 28 CORE * 56 Thread * 2 GHz * 2,256,"SAS SSD * 1.92 TB * 2,/r/n M.2 SATA SSD * 480 GB * 2",10 Gbps * 6,A100 NVIDIA * NVLINK * 80 GB * 3,142,1520,,,,,
CORP_VSAN_V3,INTEL 5320 * 26 CORE * 52 Thread * 2.2 KHz * 2,256,"SATA SSD * 800 GB * 2,/r/n M.2 HDD * 240 GB * 2,/r/n SATA SSD * 3.84 TB * 4",10 Gbps * 6,A100 NVIDIA * NVLINK * 80 GB * 3,294,357,,,,,
D1,INTEL 4116 * 12 CORE * 24 Thread * 2.1 GHz * 2,192,SAS SSD * 960 GB * 4,"1 Gbps * 4,/r/n 10 Gbps * 2",,259,299,,,,,
D1_MULTI_NIC,INTEL 4116 * 12 CORE * 24 Thread * 2.1 GHz * 2,192,SAS SSD * 960 GB * 4,"1 Gbps * 4,/r/n 10 Gbps * 2",,259,299,,,,,
D1_V2,INTEL 4216 * 16 CORE * 32 Thread * 2.1 GHz * 2,256,"SAS HDD * 1.2 TB * 2,/r/n SAS SSD * 960 GB * 4","1 Gbps * 2,/r/n 10 Gbps * 2",,307,360,,,,,
D1_V2_512G,INTEL 4216 * 16 CORE * 32 Thread * 2.1 GHz * 2,512,"SAS SSD * 1.2 TB * 2,/r/n SAS SSD * 960 GB * 4","1 Gbps * 2,/r/n 25 Gbps * 2",,355,408,,,,,
D1_V3,INTEL 4314 * 16 CORE * 32 Thread * 2.4 GHz * 2,256,"SAS HDD * 1.2 TB * 2,/r/n SAS SSD * 1.92 TB * 3","1 Gbps * 2,/r/n 25 Gbps * 2",,359,422,,,,,
D1-AKNTTAZAAF,INTEL 4116 * 12 CORE * 24 Thread * 2.1 GHz * 2,256,SAS HDD * 1.2 TB * 3,"1 Gbps * 4,/r/n 10 Gbps * 4",,281,320,,,,,
D1-CWJWUJBTCG,INTEL 4116 * 12 CORE * 24 Thread * 2.1 GHz * 2,192,"SAS HDD * 1.2 TB * 2,/r/n SAS SAS * 960 GB * 4","1 Gbps * 4,/r/n 10 Gbps * 2",,271,311,,,,,
D1-LECKVUSRLD,INTEL 4116 * 12 CORE * 24 Thread * 2.1 GHz * 2,512,"SAS HDD * 1.2 TB * 2,/r/n SAS SAS * 960 GB * 4","1 Gbps * 4,/r/n 10 Gbps * 4",,305,346,,,,,
D1-MZCXIFSAOZ,INTEL 4116 * 12 CORE * 24 Thread * 2.1 GHz * 2,192,"SAS HDD * 1.2 TB * 2,/r/n SAS SAS * 960 GB * 4","1 Gbps * 4,/r/n 10 Gbps * 2",,271,311,,,,,
D1-STKDWAFQAX,INTEL 4116 * 12 CORE * 24 Thread * 2.1 GHz * 2,128,SAS HDD * 1.2 TB * 2,"1 Gbps * 4,/r/n 10 Gbps * 4",,247,286,,,,,
D1-WCBWUFIWXI,INTEL 4116 * 12 CORE * 24 Thread * 2.1 GHz * 2,256,SAS HDD * 1.2 TB * 4,"1 Gbps * 4,/r/n 10 Gbps * 4",,287,326,,,,,
D1-XDCFJHURXL,INTEL 4116 * 12 CORE * 24 Thread * 2.1 GHz * 2,192,"SAS HDD * 1.2 TB * 2,/r/n SAS SAS * 960 GB * 4","1 Gbps * 4,/r/n 10 Gbps * 2",,271,311,,,,,
D1-XNLUAUYCNP,INTEL E5-2640 v4 * 10 CORE * 20 Thread * 2.4 GHz * 2,192,"SAS HDD * 1.2 TB * 2,/r/n SAS SAS * 960 GB * 4","1 Gbps * 4,/r/n 10 Gbps * 2",,271,311,,,,,
D1(DELTA-),INTEL 4116 * 12 CORE * 24 Thread * 2.1 GHz * 2,192,SAS SSD * 960 GB * 4,"1 Gbps * 4,/r/n 10 Gbps * 2",,259,299,,,,,
D1(DELTA+),INTEL 4116 * 12 CORE * 24 Thread * 2.1 GHz * 2,192,SAS SSD * 960 GB * 4,"1 Gbps * 4,/r/n 10 Gbps * 2",,259,299,,,,,
D10_V2,INTEL 6246 * 12 CORE * 24 Thread * 3.3 GHz * 1,128,SAS SSD * 1.92 TB * 4,"1 Gbps * 2,/r/n 10 Gbps * 2",,269,319,,,,,
D11_V2,INTEL 3204 * 6 CORE * 6 Thread * 3.3 GHz * 1,64,SAS SSD * 960 GB * 2,"1 Gbps * 2,/r/n 10 Gbps * 2",,157,180,,,,,
D12_V2,INTEL 4216 * 16 CORE * 32 Thread * 2.1 GHz * 2,1024,"SAS HDD * 1.2 TB * 2,/r/n SAS SSD * 3.84 TB * 3","1 Gbps * 2,/r/n 10 Gbps * 2",,375,440,,,,,
D12_V2-PNCQIDRHOY,INTEL 4116 * 12 CORE * 24 Thread * 2.1 GHz * 2,512,"SAS HDD * 1.2 TB * 1,/r/n SAS SAS * 7.68 TB * 1","1 Gbps * 4,/r/n 10 Gbps * 2",,325,284,,,,,
D13_V2,INTEL 4216 * 16 CORE * 32 Thread * 2.1 GHz * 2,1024,"SAS HDD * 1.2 TB * 2,/r/n SAS SSD * 960 GB * 8","1 Gbps * 2,/r/n 10 Gbps * 2",,386,451,,,,,
D14_V2,INTEL 4216 * 16 CORE * 32 Thread * 2.1 GHz * 2,256,"SAS HDD * 1.2 TB * 2,/r/n SAS SSD * 960 GB * 4,/r/n Intel P4610 NVMe SSD * 3.2 TB * 1","1 Gbps * 2,/r/n 10 Gbps * 2",,337,385,,,,,
D15_V3,INTEL 6338 * 32 CORE * 64 Thread * 2 GHz * 2,2048,"SAS HDD * 1.2 TB * 2,/r/n SAS SSD * 15.36 TB * 8","1 Gbps * 2,/r/n 10 Gbps * 2",,636,795,,,,,
D16_V3,INTEL 4314 * 16 CORE * 32 Thread * 2.4 GHz * 2,512,NVMe RI SSD * 7.68 TB * 1,"1 Gbps * 2,/r/n 25 Gbps * 2",,338,404,,,,,
D16_V4,INTEL 5416S * 16 CORE * 32 Thread * 2 GHz * 2,512,NVMe RI SSD * 7.68 TB * 1,"1 Gbps * 2,/r/n 25 Gbps * 2",,428,438,,,,,
D17_V3,INTEL 4314 * 16 CORE * 32 Thread * 2.4 GHz * 2,256,"SAS HDD * 1.2 TB * 8,/r/n NVMe SSD * 3.2 TB * 1","1 Gbps * 2,/r/n 10 Gbps * 2",,389,450,,,,,
D18_V2,INTEL 6234 * 8 CORE * 16 Thread * 3.3 GHz * 1,32,SAS HDD * 600 GB * 2,"1 Gbps * 2,/r/n 10 Gbps * 2",,201,235,,,,,
D18_V3,INTEL 4316 * 20 CORE * 40 Thread * 2.3 GHz * 2,512,"SAS HDD * 1.2 TB * 2,/r/n SAS SSD * 1.92 TB * 4","1 Gbps * 2,/r/n 10 Gbps * 2",,463,544,,,,,
D19_V4,INTEL 6438M * 32 CORE * 64 Thread * 2.2 GHz * 2,2048,"SATA SSD * 960 GB * 2,/r/n NVMe SSD * 3.84 TB * 3","1 Gbps * 2,/r/n 25 Gbps * 2",,673,711,,,,,
D2,INTEL 4116 * 12 CORE * 24 Thread * 2.1 GHz * 2,512,SAS SSD * 960 GB * 8,"1 Gbps * 2,/r/n 10 Gbps * 2",,349,398,,,,,
D2_1.92T,INTEL 4116 * 12 CORE * 24 Thread * 2.1 GHz * 2,512,SAS SSD * 1.92 TB * 5,"1 Gbps * 2,/r/n 10 Gbps * 2",,311,343,,,,,
D2_40C,INTEL E5-2640V5 * 10 CORE * 20 Thread * 3.4 GHz * 2,512,SAS SSD * 960 GB * 8,"1 Gbps * 2,/r/n 25 Gbps * 2",,311,340,,,,,
D2_NVME,INTEL 4116 * 12 CORE * 24 Thread * 2.1 GHz * 2,512,SAS SSD * 960 GB * 8,"1 Gbps * 2,/r/n 10 Gbps * 2",,349,398,,,,,
D2_V2,INTEL 4216 * 16 CORE * 32 Thread * 2.1 GHz * 2,512,"SAS HDD * 1.2 TB * 2,/r/n SAS SSD * 960 GB * 8","1 Gbps * 2,/r/n 10 Gbps * 2",,366,412,,,,,
D2_V3,INTEL 4314 * 16 CORE * 32 Thread * 2.4 GHz * 2,512,"SAS HDD * 1.2 TB * 2,/r/n SAS SSD * 1.92 TB * 5","1 Gbps * 2,/r/n 25 Gbps * 2",,388,451,,,,,
D2_V3_BR,INTEL 4314 * 16 CORE * 32 Thread * 2.4 GHz * 2,512,"SAS HDD * 1.2 TB * 2,/r/n SAS SSD * 960 GB * 8","1 Gbps * 2,/r/n 10 Gbps * 2",,410,470,,,,,
D2_V5_BR,INTEL 4514Y * 16 CORE * 32 Thread * 2 GHz * 2,512,"SAS HDD * 1.2 TB * 2,/r/n NVMe SSD * 1.92 TB * 5","1 Gbps * 2,/r/n 10 Gbps * 4",,430,490,,,,,
D2(DELTA-),INTEL 4116 * 12 CORE * 24 Thread * 2.1 GHz * 2,512,SAS SSD * 960 GB * 8,"1 Gbps * 2,/r/n 10 Gbps * 2",,349,398,,,,,
D2(DELTA+),INTEL 4116 * 12 CORE * 24 Thread * 2.1 GHz * 2,512,SAS SSD * 960 GB * 8,"1 Gbps * 2,/r/n 10 Gbps * 2",,349,398,,,,,
D3,INTEL 4116 * 12 CORE * 24 Thread * 2.1 GHz * 2,1536,SAS SSD * 1.92 TB * 8,"1 Gbps * 2,/r/n 10 Gbps * 2",,445,509,,,,,
D3_NVME,INTEL 4116 * 12 CORE * 24 Thread * 2.1 GHz * 2,1536,SAS SSD * 1.92 TB * 8,"1 Gbps * 2,/r/n 10 Gbps * 2",,445,509,,,,,
D3_V2,INTEL 4216 * 16 CORE * 32 Thread * 2.1 GHz * 2,512,"SAS HDD * 1.2 TB * 2,/r/n SAS SSD * 3.84 TB * 3","1 Gbps * 2,/r/n 10 Gbps * 2",,331,390,,,,,
D3_V3,INTEL 4314 * 16 CORE * 32 Thread * 2.4 GHz * 2,512,"SAS HDD * 1.2 TB * 2,/r/n SAS SSD * 3.84 TB * 3","1 Gbps * 2,/r/n 25 Gbps * 2",,394,457,,,,,
D3(DELTA-),INTEL 4116 * 12 CORE * 24 Thread * 2.1 GHz * 2,1536,SAS SSD * 1.92 TB * 8,"1 Gbps * 2,/r/n 10 Gbps * 2",,445,509,,,,,
D3(DELTA+),INTEL 4116 * 12 CORE * 24 Thread * 2.1 GHz * 2,1536,SAS SSD * 1.92 TB * 8,"1 Gbps * 2,/r/n 10 Gbps * 2",,445,509,,,,,
D5_V2,INTEL 4216 * 16 CORE * 32 Thread * 2.1 GHz * 2,512,"SAS HDD * 1.2 TB * 2,/r/n SAS SSD * 1.92 TB * 8","1 Gbps * 2,/r/n 10 Gbps * 2",,364,424,,,,,
D5_V3,INTEL 4314 * 16 CORE * 32 Thread * 2.4 GHz * 2,512,"SAS HDD * 1.2 TB * 2,/r/n SAS SSD * 1.92 TB * 8","1 Gbps * 2,/r/n 25 Gbps * 2",,430,493,,,,,
D6_V2,INTEL 4216 * 16 CORE * 32 Thread * 2.1 GHz * 2,512,"SAS HDD * 1.2 TB * 4,/r/n Intel P4610 NVMe SSD * 3.2 TB * 1","1 Gbps * 2,/r/n 10 Gbps * 2",,326,386,,,,,
D6_V3,INTEL 4314 * 16 CORE * 32 Thread * 2.4 GHz * 2,512,"SAS HDD * 1.2 TB * 4,/r/n NVMe SSD * 3.2 TB * 1","1 Gbps * 2,/r/n 10 Gbps * 2",,382,448,,,,,
D7_V2,INTEL 4216 * 16 CORE * 32 Thread * 2.1 GHz * 2,192,SAS SSD * 960 GB * 4,"1 Gbps * 2,/r/n 10 Gbps * 2",,290,341,,,,,
D8_V2,INTEL 6250 * 8 CORE * 16 Thread * 3.9 GHz * 2,512,"SAS HDD * 1.2 TB * 2,/r/n SAS SSD * 3.84 TB * 6","1 Gbps * 2,/r/n 10 Gbps * 2",,560,669,,,,,
D9_V2,INTEL 4216 * 16 CORE * 32 Thread * 2.1 GHz * 2,512,"SAS HDD * 1.2 TB * 2,/r/n SAS SSD * 960 GB * 4,/r/n NVMe PCIe SSD * 6.4 TB * 1","1 Gbps * 2,/r/n 10 Gbps * 2",,368,414,,,,,
F1_V2,INTEL 4216 * 16 CORE * 32 Thread * 2.1 GHz * 2,192,SAS HDD * 1.2 TB * 4,"1 Gbps * 2,/r/n 10 Gbps * 2",,290,341,,,,,
F1_V3,INTEL 4314 * 16 CORE * 32 Thread * 2.4 GHz * 2,192,SAS HDD * 1.2 TB * 4,"1 Gbps * 2,/r/n 10 Gbps * 2",,341,411,,,,,
G1,INTEL 4114 * 10 CORE * 20 Thread * 2.2 GHz * 2,256,"M.2 SSD * 240 GB * 1,/r/n M.2 PCIE * 1.6 TB * 1","1 Gbps * 2,/r/n 10 Gbps * 2",V100 NVIDIA * NVLINK * 16 GB * 4,116,1209,,,,,
G1_20C_256G_V100(16GB),INTEL 4114 * 10 CORE * 20 Thread * 2.2 GHz * 1,256,"M.2 SSD * 240 GB * 1,/r/n M.2 PCIE * 1.6 TB * 1","1 Gbps * 2,/r/n 10 Gbps * 2",V100 NVIDIA * NVLINK * 16 GB * 4,116,1209,,,,,
G1_20C_512G_V100(16GB),INTEL 4114 * 10 CORE * 20 Thread * 2.2 GHz * 1,512,"M.2 SSD * 240 GB * 1,/r/n M.2 PCIE * 1.6 TB * 1","1 Gbps * 2,/r/n 10 Gbps * 2",V100 NVIDIA * NVLINK * 16 GB * 4,116,1209,,,,,
G1_40C_512G_V100(16GB),INTEL 4114 * 10 CORE * 20 Thread * 2.2 GHz * 2,512,"M.2 SSD * 240 GB * 1,/r/n M.2 PCIE * 1.6 TB * 1","1 Gbps * 2,/r/n 10 Gbps * 2",V100 NVIDIA * NVLINK * 16 GB * 4,116,1209,,,,,
G1_V100(16GB)_V2,INTEL 4214 * 12 CORE * 24 Thread * 2.2 GHz * 2,256,"M.2 SATA SSD * 240 GB * 2,/r/n PM1725B PCIE NVME SSD * 1.6 TB * 1","1 Gbps * 2,/r/n 10 Gbps * 2",V100 NVIDIA * NVLINK * 16 GB * 4,163,2038,,,,,
G1_V2,INTEL 4214 * 12 CORE * 24 Thread * 2.2 GHz * 2,256,"M.2 SATA SSD * 240 GB * 2,/r/n PM1725B PCIE NVME SSD * 1.6 TB * 1","1 Gbps * 2,/r/n 10 Gbps * 2",V100 NVIDIA * NVLINK * 32 GB * 4,163,2038,,,,,
G1_V2+,INTEL 4214 * 12 CORE * 24 Thread * 2.2 GHz * 2,256,"M.2 SSD * 240 GB * 1,/r/n M.2 PCIE * 6.4 TB * 1","1 Gbps * 2,/r/n 10 Gbps * 2",V100 NVIDIA * NVLINK * 16 GB * 4,144,1691,,,,,
G1_V6,INTEL 8570 * 56 CORE * 112 Thread * 2.1 GHz * 2,4096,M.2 NVMe SSD * 960 GB * 2,"100 Gbps * 2,/r/n 800 Gbps * 8",B200 SXM NVIDIA * NVLINK * 180 GB * 8,14300,14300,,,,,
G10_V2,INTEL 6240 * 18 CORE * 36 Thread * 2.6 GHz * 2,1024,"M.2 SATA SSD * 240 GB * 2,/r/n PM1725B PCIE NVME SSD * 1.6 TB * 1","1 Gbps * 2,/r/n 10 Gbps * 2",V100 NVIDIA * NVLINK * 32 GB * 4,185,1930,,,,,
G10_V6,NVIDIA 6740E * 96 CORE * 192 Thread * 2.4 GHz * 2,1024,M.2 NVMe SSD * 960 GB * 2,100 Gbps * 2,L4 NVIDIA * NVLINK * 24 GB * 4,840,940,,,,,
G11_V2,INTEL 4216 * 16 CORE * 32 Thread * 2.1 GHz * 2,128,SAS HDD * 1.2 TB * 2,"1 Gbps * 2,/r/n 10 Gbps * 4",V100 NVIDIA * NVLINK * 32 GB * 2,847,900,,,,,
G12_A2,AMD 7543 * 32 CORE * 64 Thread * 2.8 GHz * 2,1024,"SAS SSD * 960 GB * 2,/r/n NVMe SSD * 3.85 TB * 1","1 Gbps * 2,/r/n 25 Gbps * 2",,276,2813,,,,,
G13_V2,INTEL 5218 * 16 CORE * 32 Thread * 2.3 GHz * 2,256,SAS HDD * 1.2 TB * 4,"1 Gbps * 2,/r/n 10 Gbps * 2",T4 NVIDIA * PCIE * 16 GB * 6,833,900,,,,,
G14_V3,INTEL 6330 * 28 CORE * 56 Thread * 2 GHz * 2,256,"M.2 SATA SSD * 480 GB * 2,/r/n SAS SSD * 3.84 TB * 4","1 Gbps * 2,/r/n 10 Gbps * 2",A100 NVIDIA * PCIE * 40 GB * 3,147,1564,,,,,
G15_A100(80GB)_V3,INTEL 6330 * 28 CORE * 56 Thread * 2 GHz * 2,256,"SAS SSD * 1.92 TB * 2,/r/n M.2 SATA SSD * 480 GB * 2","1 Gbps * 2,/r/n 10 Gbps * 2",A100 NVIDIA * PCIE * 80 GB * 3,145,1544,,,,,
G15_V3,INTEL 6330 * 28 CORE * 56 Thread * 2 GHz * 2,256,"SAS SSD * 1.92 TB * 2,/r/n M.2 SATA SSD * 480 GB * 2","1 Gbps * 2,/r/n 10 Gbps * 2",A100 NVIDIA * PCIE * 40 GB * 3,145,1544,,,,,
G16_A2,AMD 7643 * 48 CORE * 96 Thread * 2.3 GHz * 2,1024,"NVMe PCIe SSD * 3.84 TB * 2,/r/n M.2 SATA SSD * 480 GB * 2","1 Gbps * 4,/r/n 100 Gbps * 2,/r/n 200 Gbps * 4",A100 (NVLink) NVIDIA * NVLINK * 40 GB * 8,484,5787,,,,,
G16_A2_40G,AMD 7643 * 48 CORE * 96 Thread * 2.3 GHz * 2,1024,"NVMe PCIe SSD * 3.84 TB * 2,/r/n M.2 SATA SSD * 480 GB * 2","1 Gbps * 2,/r/n 100 Gbps * 2,/r/n 200 Gbps * 4",A100 (NVLink) NVIDIA * NVLINK * 40 GB * 8,484,5780,,,,,
G16_A2_80G,AMD 7643 * 48 CORE * 96 Thread * 2.3 GHz * 2,1024,"NVMe PCIe SSD * 3.84 TB * 2,/r/n M.2 SATA SSD * 480 GB * 2","1 Gbps * 2,/r/n 100 Gbps * 2,/r/n 200 Gbps * 4",A100 NVIDIA * NVLINK * 80 GB * 8,484,5780,,,,,
G16_V3,INTEL 8358 * 32 CORE * 64 Thread * 2.6 GHz * 2,1024,"M.2 SSD * 480 GB * 2,/r/n NVMe MU SSD * 3.84 TB * 2","1 Gbps * 4,/r/n 100 Gbps * 2,/r/n 200 Gbps * 4",A100 NVIDIA * NVLINK * 80 GB * 8,484,5787,,,,,
G16_V4,INTEL 8468 * 48 CORE * 96 Thread * 2.1 GHz * 2,2048,"M.2 NVMe SSD * 960 GB * 2,/r/n NVMe SSD * 3.84 TB * 2","1 Gbps * 2,/r/n 100 Gbps * 2,/r/n 400 Gbps * 4",H100 NVIDIA * NVLINK * 80 GB * 8,964,9640,,,,,
G16_V4_224C,INTEL 8480+ * 56 CORE * 112 Thread * 2 GHz * 2,2048,"M.2 SATA SSD * 480 GB * 2,/r/n NVMe SSD * 3.84 GB * 2","100 Gbps * 2,/r/n 400 Gbps * 4",H100 NVIDIA * NVLINK * 80 GB * 8,964K,9640,,,,,
G16_V5,INTEL 8568Y+ * 48 CORE * 96 Thread * 2.3 GHz * 2,2048,"NVMe SSD * 3.84 GB * 2,/r/n NVMe SSD * 960 GB * 2","1 Gbps * 2,/r/n 100 Gbps * 2,/r/n 400 Gbps * 4",H100 NVIDIA * NVLINK * 80 GB * 8,964,9640,,,,,
G17_V2,INTEL 6248 * 20 CORE * 40 Thread * 2.5 GHz * 2,1024,"SAS SSD * 960 GB * 4,/r/n M.2 SATA SSD * 480 GB * 2","1 Gbps * 2,/r/n 25 Gbps * 2",T4 NVIDIA * PCIE * 16 GB * 6,108,1189,,,,,
G17_V3,INTEL 4316 * 20 CORE * 40 Thread * 2.3 GHz * 2,1024,"NVMe SSD * 3.2 TB * 1,/r/n SATA SSD * 480 GB * 2","1 Gbps * 2,/r/n 25 Gbps * 2",A30 NVIDIA * PCIE * 24 GB * 4,126,1344,,,,,
G18_V2,INTEL 6248 * 20 CORE * 40 Thread * 2.5 GHz * 2,512,"PM1725B PCIE NVME SSD * 1.6 TB * 1,/r/n SATA SSD * 240 GB * 2","1 Gbps * 2,/r/n 25 Gbps * 2",T4 NVIDIA * PCIE * 16 GB * 2,629,710,,,,,
G18_V3,INTEL 8352V * 36 CORE * 72 Thread * 2.1 GHz * 2,1024,"M.2 SSD * 240 GB * 2,/r/n M.2 PCIE * 1.6 TB * 1","1 Gbps * 2,/r/n 25 Gbps * 4",A30 NVIDIA * PCIE * 24 GB * 2,946,1044,,,,,
G18_V4,INTEL 6438M * 32 CORE * 64 Thread * 2.2 GHz * 2,1024,"SATA SSD * 960 GB * 2,/r/n NVMe SSD * 3.84 TB * 1","1 Gbps * 2,/r/n 25 Gbps * 4",A30 NVIDIA * PCIE * 24 GB * 2,119,1211,,,,,
G19DGX_A1,AMD 7742 * 64 CORE * 128 Thread * 2.25 GHz * 2,1024,"NVMe PCIe SSD * 1.92 TB * 2,/r/n NVMe PCIe SSD * 3.84 TB * 4","100 Gbps * 2,/r/n 200 Gbps * 8",A100 (NVLink) NVIDIA * NVLINK * 40 GB * 8,484,6500,,,,,
G2,INTEL 5118 * 12 CORE * 24 Thread * 2.3 GHz * 2,256,SAS HDD * 1.2 TB * 5,"1 Gbps * 2,/r/n 10 Gbps * 2",P4 NVIDIA * PCIE * 8 GB * 2,493,546,,,,,
G2_V2,INTEL 4216 * 16 CORE * 32 Thread * 2.1 GHz * 2,512,"M.2 SATA SSD * 240 GB * 2,/r/n PM1725B PCIE NVME SSD * 1.6 TB * 1","1 Gbps * 2,/r/n 10 Gbps * 2",V100 NVIDIA * NVLINK * 16 GB * 4,171,1809,,,,,
G2_V6,INTEL 8568Y+ * 48 CORE * 96 Thread * 2.3 GHz * 2,1024,"M.2 SAS * 3.84 TB * 2,/r/n M.2 NVMe SSD * 960 GB * 2",100 Gbps * 2,H100 NVIDIA * NVLINK * 80 GB * 4,480,4800,,,,,
G21_V4,INTEL 6438M * 32 CORE * 64 Thread * 2.2 GHz * 2,1024,"U.3 NVMe SSD * 960 GB * 2,/r/n NVMe SSD * 3.84 TB * 2","1 Gbps * 2,/r/n 25 Gbps * 4",A30 NVIDIA * PCIE * 24 GB * 4,188,2282,,,,,
G22_V4,INTEL 5416S * 16 CORE * 32 Thread * 2 GHz * 2,512,NVMe SSD * 3.2 TB * 1,"1 Gbps * 2,/r/n 25 Gbps * 4",L40S NVIDIA * PCIE * 48 GB * 4,178,2095,,,,,
G24_V4,INTEL 6248 * 20 CORE * 40 Thread * 2.5 GHz * 2,1024,NVMe SSD * 3.2 TB * 1,"25 Gbps * 2,/r/n 10 Gbps * 1",,384,4800,,,,,
G25_V4,INTEL 6438M * 32 CORE * 64 Thread * 2.2 GHz * 2,1024,NVMe SSD * 3.2 TB * 1,"25 Gbps * 2,/r/n 10 Gbps * 2",L4 NVIDIA * PCIE * 24 GB * 8,880,1100,,,,,
G3,INTEL 6130 * 16 CORE * 32 Thread * 2.1 GHz * 2,256,SAS HDD * 1.2 TB * 5,"1 Gbps * 2,/r/n 10 Gbps * 2",P4 NVIDIA * PCIE * 8 GB * 2,533,599,,,,,
G4,INTEL 6130 * 16 CORE * 32 Thread * 2.1 GHz * 2,512,SAS HDD * 1.2 TB * 5,"1 Gbps * 2,/r/n 10 Gbps * 2",,406,469,,,,,
G4_V6,INTEL 6756E * 128 CORE * 256 Thread * 1.8 GHz * 2,2048,M.2 NVMe SSD * 960 GB * 2,100 Gbps * 2,L40S NVIDIA * PCIE * 48 GB * 8,414,5100,,,,,
G5,INTEL 5118 * 12 CORE * 24 Thread * 2.3 GHz * 2,512,SAS SSD * 960 GB * 11,"1 Gbps * 2,/r/n 10 Gbps * 2",,407,465,,,,,
G6,INTEL 5118 * 12 CORE * 24 Thread * 2.3 GHz * 2,512,SAS HDD * 1.2 TB * 11,"1 Gbps * 2,/r/n 10 Gbps * 2",P4 NVIDIA * PCIE * 8 GB * 2,543,604,,,,,
G6_V2,INTEL 5218 * 16 CORE * 32 Thread * 2.3 GHz * 2,512,SAS SSD * 1.2 TB * 11,"1 Gbps * 2,/r/n 10 Gbps * 2",T4 NVIDIA * PCIE * 16 GB * 2,545,681,,,,,
G7,INTEL 6130 * 16 CORE * 32 Thread * 2.1 GHz * 2,256,SAS HDD * 1.2 TB * 10,"1 Gbps * 2,/r/n 10 Gbps * 2",V100 NVIDIA * NVLINK * 16 GB * 3,978,1042,,,,,
G7_V100(16GB)_V2,INTEL 6230 * 20 CORE * 40 Thread * 2.1 GHz * 2,256,SAS HDD * 1.2 TB * 10,"1 Gbps * 2,/r/n 10 Gbps * 2",V100 NVIDIA * NVLINK * 16 GB * 3,102,1278,,,,,
G7_V2,INTEL 6230 * 20 CORE * 40 Thread * 2.1 GHz * 2,256,SAS HDD * 1.2 TB * 10,"1 Gbps * 2,/r/n 10 Gbps * 2",V100 NVIDIA * PCIE * 32 GB * 3,102,1278,,,,,
G7_V2+,INTEL 6230 * 20 CORE * 40 Thread * 2.1 GHz * 2,256,SAS HDD * 1.2 TB * 10,"1 Gbps * 2,/r/n 10 Gbps * 2",V100S NVIDIA * PCIE * 32 GB * 3,102,818,,,,,
G8_V2,INTEL 5218 * 16 CORE * 32 Thread * 2.3 GHz * 2,512,SAS HDD * 1.2 TB * 11,"1 Gbps * 2,/r/n 10 Gbps * 2",T4 NVIDIA * PCIE * 16 GB * 6,781,840,,,,,
G9_A1,AMD 7352 * 24 CORE * 48 Thread * 2.3 GHz * 2,512,"M.2 SSD * 480 GB * 2,/r/n NVMe MU SSD * 3.84 TB * 2","1 Gbps * 4,/r/n 100 Gbps * 2",A100 (NVLink) NVIDIA * NVLINK * 40 GB * 8,470,5603,,,,,
H1,INTEL 4116 * 12 CORE * 24 Thread * 2.1 GHz * 2,128,SAS HDD * 1.2 TB * 8,"1 Gbps * 2,/r/n 10 Gbps * 2",,283,323,,,,,
H1_DE,INTEL 4116 * 12 CORE * 24 Thread * 2.1 GHz * 2,256,SAS HDD * 1.2 TB * 8,"1 Gbps * 2,/r/n 10 Gbps * 2",,304,344,,,,,
H1_V2,INTEL 4216 * 16 CORE * 32 Thread * 2.1 GHz * 2,128,SAS HDD * 1.2 TB * 10,"1 Gbps * 2,/r/n 10 Gbps * 2",,320,380,,,,,
H1_V2(256G),INTEL 4216 * 16 CORE * 32 Thread * 2.1 GHz * 2,256,SAS HDD * 1.2 TB * 10,"1 Gbps * 2,/r/n 10 Gbps * 2",,320,380,,,,,
H1_V3,INTEL 4314 * 16 CORE * 32 Thread * 2.4 GHz * 2,128,SAS HDD * 1.2 TB * 10,"1 Gbps * 2,/r/n 25 Gbps * 2",,360,422,,,,,
H10_V2,INTEL 4216 * 16 CORE * 32 Thread * 2.1 GHz * 2,512,"SAS HDD * 1.2 TB * 2,/r/n SAS SSD * 960 GB * 1,/r/n SATA HDD * 16 TB * 12","1 Gbps * 2,/r/n 10 Gbps * 2",,453,566,,,,,
H11_V2,INTEL 4216 * 16 CORE * 32 Thread * 2.1 GHz * 2,512,"SAS HDD * 1.2 TB * 2,/r/n SATA HDD * 8 TB * 14","1 Gbps * 2,/r/n 10 Gbps * 2",,450,562,,,,,
H12_V2,INTEL 4216 * 16 CORE * 32 Thread * 2.1 GHz * 2,768,"SAS HDD * 1.2 TB * 2,/r/n SATA HDD * 16 TB * 14","1 Gbps * 2,/r/n 10 Gbps * 2",,503,559,,,,,
H12_V3,INTEL 4314 * 16 CORE * 32 Thread * 2.4 GHz * 2,768,"SAS HDD * 1.2 TB * 2,/r/n SATA HDD * 16 TB * 14","1 Gbps * 2,/r/n 10 Gbps * 2",,519,582,,,,,
H13_V2,INTEL 4215 * 8 CORE * 16 Thread * 2.5 GHz * 2,128,SAS HDD * 1.2 TB * 10,"1 Gbps * 2,/r/n 10 Gbps * 2",,275,315,,,,,
H14_V2,INTEL 4216 * 16 CORE * 32 Thread * 2.1 GHz * 2,1024,"SAS HDD * 1.2 TB * 2,/r/n SAS SSD * 960 GB * 1,/r/n SATA HDD * 16 TB * 12","1 Gbps * 2,/r/n 10 Gbps * 2",,505,564,,,,,
H14_V3,INTEL 4314 * 16 CORE * 32 Thread * 2.4 GHz * 2,1024,"SAS HDD * 1.2 TB * 2,/r/n SAS SSD * 960 GB * 1,/r/n SATA HDD * 16 TB * 12","1 Gbps * 2,/r/n 25 Gbps * 2",,557,624,,,,,
H15_V2,INTEL 4216 * 16 CORE * 32 Thread * 2.1 GHz * 2,256,"SAS HDD * 1.2 TB * 2,/r/n SATA HDD * 8 TB * 12,/r/n PM1735 NVME SSD * 6.4 TB * 2","1 Gbps * 2,/r/n 10 Gbps * 2",,479,598,,,,,
H16_V2,INTEL 4216 * 16 CORE * 32 Thread * 2.1 GHz * 2,256,"SATA HDD * 1 TB * 2,/r/n SATA HDD * 18 TB * 24","1 Gbps * 2,/r/n 25 Gbps * 2",,480,510,,,,,
H17_V2,INTEL 4216 * 16 CORE * 32 Thread * 2.1 GHz * 2,512,"NVMe PCIe SSD * 6.4 TB * 2,/r/n SATA HDD * 1 TB * 2,/r/n SATA HDD * 18 TB * 24","1 Gbps * 2,/r/n 25 Gbps * 2",,650,700,,,,,
H17_V2_20T,INTEL 4216 * 16 CORE * 32 Thread * 2.1 GHz * 2,512,"NVMe SSD * 6.4 TB * 2,/r/n SATA HDD * 20 TB * 24,/r/n SATA SSD * 1.9 TB * 2","1 Gbps * 2,/r/n 25 Gbps * 2",,650,700,,,,,
H17_V3,INTEL 4314 * 16 CORE * 32 Thread * 2.4 GHz * 2,512,"SATA HDD * 1 TB * 2,/r/n SATA HDD * 18 TB * 24,/r/n NVMe SSD * 6.4 TB * 2","1 Gbps * 2,/r/n 25 Gbps * 2",,680,730,,,,,
H17_V4,INTEL 5416S * 16 CORE * 32 Thread * 2 GHz * 2,512,"NVMe SSD * 6.4 TB * 2,/r/n SATA SSD * 960 GB * 2,/r/n SATA HDD * 20 TB * 24","1 Gbps * 2,/r/n 25 Gbps * 2",,731,739,,,,,
H18_SED_V3,INTEL 4314 * 16 CORE * 32 Thread * 2.4 GHz * 2,512,"SAS HDD * 1.2 TB * 2,/r/n SAS SED HDD * 2.4 TB * 8","1 Gbps * 2,/r/n 25 Gbps * 2",,467,536,,,,,
H18_V3,INTEL 4314 * 16 CORE * 32 Thread * 2.4 GHz * 2,512,"SAS HDD * 1.2 TB * 2,/r/n SAS HDD * 2.4 TB * 8","1 Gbps * 2,/r/n 25 Gbps * 2",,467,536,,,,,
H19_V3,INTEL 6330 * 28 CORE * 56 Thread * 2 GHz * 2,1024,"SAS SSD * 1.2 TB * 2,/r/n NVMe SSD * 6.4 TB * 1,/r/n SATA HDD * 20 TB * 22","1 Gbps * 2,/r/n 25 Gbps * 2",,940,1055,22,20680,,,
H19_V5,INTEL 6530 * 32 CORE * 64 Thread * 2.1 GHz * 2,1024,"SATA SSD * 960 GB * 2,/r/n SATA HDD * 20 TB * 22,/r/n NVMe SSD * 7.68 TB * 1","1 Gbps * 2,/r/n 25 Gbps * 2",,991,1030,,,,,
H2,INTEL 4116 * 12 CORE * 24 Thread * 2.1 GHz * 2,128,SAS HDD * 1.2 TB * 26,"1 Gbps * 2,/r/n 10 Gbps * 2",,388,429,,,,,
H2_V2,INTEL 6248 * 20 CORE * 40 Thread * 2.5 GHz * 2,256,SAS HDD * 1.2 TB * 26,"1 Gbps * 2,/r/n 10 Gbps * 2",,610,610,,,,,
H20_V3,INTEL 6330 * 28 CORE * 56 Thread * 2 GHz * 2,256,"SAS HDD * 1.2 TB * 2,/r/n NVMe SSD * 6.4 TB * 16","1 Gbps * 2,/r/n 25 Gbps * 2",,620,716,,,,,
H20_V4,INTEL 6438M * 32 CORE * 64 Thread * 2.2 GHz * 2,256,"NVMe SSD * 6.4 TB * 16,/r/n SATA SSD * 960 GB * 2","1 Gbps * 2,/r/n 25 Gbps * 2",,757,766,,,,,
H21,INTEL 4116 * 12 CORE * 24 Thread * 2.1 GHz * 2,512,"SAS HDD * 1.2 TB * 2,/r/n SATA HDD * 8 TB * 14,/r/n SAS SSD * 7.68 TB * 2","1 Gbps * 2,/r/n 25 Gbps * 2",,489,530,,,,,
H21_V4,INTEL 5416S * 16 CORE * 32 Thread * 2 GHz * 2,256,"SAS HDD * 1.2 TB * 2,/r/n SATA HDD * 8 TB * 14,/r/n NVMe SSD * 6.4 TB * 2","1 Gbps * 2,/r/n 25 Gbps * 2",,624,709,,,,,
H22_V4,INTEL 5416S * 16 CORE * 32 Thread * 2 GHz * 2,512,"NVMe SSD * 1.92 TB * 12,/r/n SATA SSD * 960 GB * 2","1 Gbps * 2,/r/n 25 Gbps * 2",,634,735,,,,,
H3,INTEL 6148 * 20 CORE * 40 Thread * 2.4 GHz * 2,256,SAS HDD * 1.2 TB * 26,"1 Gbps * 2,/r/n 10 Gbps * 2",,539,616,,,,,
H3_CLX,INTEL 6248 * 20 CORE * 40 Thread * 2.5 GHz * 2,256,SAS HDD * 1.2 TB * 26,"1 Gbps * 2,/r/n 10 Gbps * 2",,610,610,,,,,
H3_V2,INTEL 6248 * 20 CORE * 40 Thread * 2.5 GHz * 2,256,"SAS SSD * 1.2 TB * 2,/r/n SAS HDD * 2.4 TB * 24","1 Gbps * 2,/r/n 10 Gbps * 2",,610,610,1,610,,,
H4,INTEL 4116 * 12 CORE * 24 Thread * 2.1 GHz * 2,128,"SAS HDD * 1.2 TB * 2,/r/n SAS SATA * 8 TB * 14","1 Gbps * 2,/r/n 10 Gbps * 2",,358,396,,,,,
H4_SED_V2,INTEL 4314 * 16 CORE * 32 Thread * 2.4 GHz * 2,256,"SAS HDD * 1.2 TB * 2,/r/n SAS SED HDD * 8 TB * 14","1 Gbps * 2,/r/n 25 Gbps * 2",,523,587,,,,,
H4_V2,INTEL 4216 * 16 CORE * 32 Thread * 2.1 GHz * 2,256,"SAS HDD * 1.2 TB * 2,/r/n SATA HDD * 8 TB * 14","1 Gbps * 2,/r/n 10 Gbps * 2",,457,502,,,,,
H4_V2_1024KB,INTEL 4216 * 16 CORE * 32 Thread * 2.1 GHz * 2,256,"SAS HDD * 1.2 TB * 2,/r/n SATA HDD * 8 TB * 14","1 Gbps * 2,/r/n 10 Gbps * 2",,429,536,,,,,
H4_V2_256KB,INTEL 4216 * 16 CORE * 32 Thread * 2.1 GHz * 2,256,"SAS HDD * 1.2 TB * 2,/r/n SATA HDD * 8 TB * 14","1 Gbps * 2,/r/n 10 Gbps * 2",,429,536,,,,,
H4_V3,INTEL 4314 * 16 CORE * 32 Thread * 2.4 GHz * 2,256,"SAS HDD * 1.2 TB * 2,/r/n SATA HDD * 8 TB * 14","1 Gbps * 2,/r/n 25 Gbps * 2",,523,587,,,,,
H5,INTEL 4116 * 12 CORE * 24 Thread * 2.1 GHz * 2,128,"SAS HDD * 1.2 TB * 2,/r/n SAS SATA * 8 TB * 14","1 Gbps * 2,/r/n 10 Gbps * 2",,358,396,,,,,
H5_7.6T_512G,INTEL 4116 * 12 CORE * 24 Thread * 2.1 GHz * 2,512,"SAS HDD * 1.2 TB * 2,/r/n SATA HDD * 8 TB * 14","1 Gbps * 2,/r/n 25 Gbps * 2",,489,530,,,,,
H5_V2,INTEL 4216 * 16 CORE * 32 Thread * 2.1 GHz * 2,128,"SAS HDD * 1.2 TB * 2,/r/n SATA HDD * 8 TB * 14","1 Gbps * 2,/r/n 10 Gbps * 2",,392,442,,,,,
H6,INTEL 4116 * 12 CORE * 24 Thread * 2.1 GHz * 2,256,"M.2 SSD * 480 GB * 2,/r/n M.2 SAS * 3.84 TB * 8","1 Gbps * 2,/r/n 10 Gbps * 2",,381,427,,,,,
H6_512G,INTEL 4116 * 12 CORE * 24 Thread * 2.1 GHz * 2,512,"M.2 SSD * 480 GB * 2,/r/n NVMe SSD * 3.84 TB * 8","1 Gbps * 2,/r/n 10 Gbps * 2",,390,450,,,,,
H6_V2,INTEL 4216 * 16 CORE * 32 Thread * 2.1 GHz * 2,256,"SAS SSD * 3.84 TB * 8,/r/n M.2 SSD * 480 GB * 2","1 Gbps * 2,/r/n 10 Gbps * 2",,372,465,,,,,
H6_V2_512G,INTEL 4216 * 16 CORE * 32 Thread * 2.1 GHz * 2,512,"M.2 SSD * 480 GB * 2,/r/n SAS SAS * 3.84 TB * 8","1 Gbps * 2,/r/n 25 Gbps * 2",,420,480,,,,,
H6_V3,INTEL 4314 * 16 CORE * 32 Thread * 2.4 GHz * 2,256,"SAS SSD * 3.84 TB * 8,/r/n M.2 SSD * 480 GB * 2","1 Gbps * 2,/r/n 25 Gbps * 2",,382,445,,,,,
H7_V2,INTEL 4216 * 16 CORE * 32 Thread * 2.1 GHz * 2,256,"SAS HDD * 1.2 TB * 2,/r/n SAS SSD * 960 GB * 2,/r/n SATA HDD * 8 TB * 12","1 Gbps * 2,/r/n 10 Gbps * 2",,471,505,,,,,
H7_V3,INTEL 4314 * 16 CORE * 32 Thread * 2.4 GHz * 2,256,"SAS HDD * 1.2 TB * 2,/r/n SAS SSD * 960 GB * 2,/r/n SATA HDD * 8 TB * 12","1 Gbps * 2,/r/n 25 Gbps * 2",,510,574,,,,,
H8_V2,INTEL 4216 * 16 CORE * 32 Thread * 2.1 GHz * 2,256,"SAS SSD * 1.2 TB * 2,/r/n SATA HDD * 16 TB * 14","1 Gbps * 2,/r/n 10 Gbps * 2",,473,521,,,,,
H8_V2_512G,INTEL 4216 * 16 CORE * 32 Thread * 2.1 GHz * 2,512,"SAS HDD * 1.2 TB * 2,/r/n SATA HDD * 16 TB * 14","1 Gbps * 2,/r/n 25 Gbps * 2",,521,569,,,,,
H8_V2_512GB,INTEL 4216 * 16 CORE * 32 Thread * 2.1 GHz * 2,512,"SAS HDD * 1.2 TB * 2,/r/n SATA HDD * 16 TB * 14","1 Gbps * 2,/r/n 25 Gbps * 2",,521,569,,,,,
H8_V3,INTEL 4314 * 16 CORE * 32 Thread * 2.4 GHz * 2,512,"SAS HDD * 1.2 TB * 2,/r/n SATA HDD * 16 TB * 14","1 Gbps * 2,/r/n 25 Gbps * 2",,540,603,,,,,
H9_V2,INTEL 4216 * 16 CORE * 32 Thread * 2.1 GHz * 2,512,"SAS HDD * 1.2 TB * 2,/r/n SAS SSD * 960 GB * 1,/r/n SATA HDD * 8 TB * 12","1 Gbps * 2,/r/n 10 Gbps * 2",,449,493,12,5388,,,
H9_V3,INTEL 4314 * 16 CORE * 32 Thread * 2.4 GHz * 2,512,"SAS HDD * 1.2 TB * 2,/r/n SAS SSD * 960 GB * 1,/r/n SATA HDD * 8 TB * 12","1 Gbps * 2,/r/n 25 Gbps * 2",,521,587,,,,,
HP1,INTEL E5620 * 4 CORE * 8 Thread * 2.4 GHz * 2,16,SAS HDD * 1.2 TB * 2,"1 Gbps * 2,/r/n 10 Gbps * 2",,249,287,,,,,
I1,INTEL 4116 * 12 CORE * 24 Thread * 2.1 GHz * 2,192,SAS SSD * 960 GB * 4,"1 Gbps * 4,/r/n 10 Gbps * 2",,259,299,,,,,
I2,INTEL 4116 * 12 CORE * 24 Thread * 2.1 GHz * 2,192,SAS SSD * 960 GB * 8,"1 Gbps * 2,/r/n 10 Gbps * 2",,283,324,,,,,
I2_V2,INTEL 4216 * 16 CORE * 32 Thread * 2.1 GHz * 2,192,"SAS HDD * 1.2 TB * 2,/r/n SAS SSD * 960 GB * 8","1 Gbps * 2,/r/n 10 Gbps * 2",,313,358,,,,,
I3,INTEL 4116 * 12 CORE * 24 Thread * 2.1 GHz * 2,256,SAS HDD * 1.8 TB * 24,"1 Gbps * 2,/r/n 10 Gbps * 2",,392,438,,,,,
I3_V2,INTEL 4216 * 16 CORE * 32 Thread * 2.1 GHz * 2,192,"SAS SSD * 1.92 TB * 24,/r/n M.2 SSD * 240 GB * 2","1 Gbps * 2,/r/n 25 Gbps * 2",,444,496,,,,,
I3_V3,INTEL 4314 * 16 CORE * 32 Thread * 2.4 GHz * 2,192,"SAS SSD * 1.92 TB * 24,/r/n M.2 SSD * 240 GB * 2","1 Gbps * 2,/r/n 25 Gbps * 2",,520,583,,,,,
I3-AEENSQFMXA,INTEL 4116 * 12 CORE * 24 Thread * 2.1 GHz * 2,512,SAS HDD * 1.8 TB * 24,"1 Gbps * 2,/r/n 10 Gbps * 2",,405,451,,,,,
I3-HWRCMZAGWX,INTEL 4116 * 12 CORE * 24 Thread * 2.1 GHz * 2,512,SAS HDD * 1.8 TB * 24,"1 Gbps * 2,/r/n 10 Gbps * 2",,405,451,,,,,
I3-NFQTRLSIMT,INTEL 4116 * 12 CORE * 24 Thread * 2.1 GHz * 2,512,SAS HDD * 1.8 TB * 24,"1 Gbps * 2,/r/n 10 Gbps * 2",,405,451,,,,,
I4_V2,INTEL 4216 * 16 CORE * 32 Thread * 2.1 GHz * 2,128,"SAS HDD * 1.2 TB * 2,/r/n SAS SSD * 3.84 TB * 8","1 Gbps * 2,/r/n 10 Gbps * 2",,313,358,,,,,
I5_V2,,384,,,,0,0,,,,,
I5_V3,INTEL 4314 * 16 CORE * 32 Thread * 2.4 GHz * 2,384,"SAS SSD * 960 GB * 2,/r/n M.2 SSD * 480 GB * 2,/r/n NVMe SSD * 3.2 TB * 1,/r/n NVMe SSD * 6.4 TB * 3","1 Gbps * 2,/r/n 25 Gbps * 4",,549,626,,,,,
I6_V3,INTEL 4314 * 16 CORE * 32 Thread * 2.4 GHz * 2,128,"SAS SSD * 960 GB * 2,/r/n M.2 SSD * 480 GB * 2,/r/n NVMe SSD * 6.4 TB * 1,/r/n NVMe SSD * 1.92 TB * 2","1 Gbps * 2,/r/n 25 Gbps * 4",,477,544,,,,,
INTEL,,32,,,,0,0,,,,,
INTEL_MAX,INTEL MAX 9480 * 56 CORE * 112 Thread * 1.9 GHz * 2,2048,SAS SSD * 960 GB * 2,"1 Gbps * 2,/r/n 25 Gbps * 1",,140,1510,,,,,
M1,INTEL 4116 * 12 CORE * 24 Thread * 2.1 GHz * 2,256,SAS HDD * 1.2 TB * 2,"1 Gbps * 4,/r/n 10 Gbps * 2",,263,307,,,,,
M1_V2,INTEL 4216 * 16 CORE * 32 Thread * 2.1 GHz * 2,256,SAS HDD * 1.2 TB * 2,"1 Gbps * 2,/r/n 10 Gbps * 2",,285,332,,,,,
M2,INTEL 4116 * 12 CORE * 24 Thread * 2.1 GHz * 2,512,"SAS HDD * 1.2 TB * 2,/r/n SAS SAS * 3.84 TB * 3","1 Gbps * 2,/r/n 10 Gbps * 2",,292,333,,,,,
M2_V2,INTEL 4216 * 16 CORE * 32 Thread * 2.1 GHz * 2,512,SAS HDD * 1.2 TB * 2,"1 Gbps * 2,/r/n 10 Gbps * 2",,318,363,,,,,
M3,INTEL 5118 * 12 CORE * 24 Thread * 2.3 GHz * 2,1536,SAS HDD * 1.2 TB * 4,"1 Gbps * 2,/r/n 10 Gbps * 2",,309,462,,,,,
M3_MEM(1024GB),INTEL 5118 * 12 CORE * 24 Thread * 2.3 GHz * 2,1024,SAS HDD * 1.2 TB * 4,"1 Gbps * 2,/r/n 10 Gbps * 2",,309,462,,,,,
M4,INTEL 5118 * 12 CORE * 24 Thread * 2.3 GHz * 2,1024,SAS SSD * 960 GB * 4,"1 Gbps * 2,/r/n 10 Gbps * 2",,410,487,,,,,
M4_V2,INTEL 4216 * 16 CORE * 32 Thread * 2.1 GHz * 2,1024,"SAS HDD * 1.2 TB * 2,/r/n SAS SSD * 960 GB * 4","1 Gbps * 2,/r/n 10 Gbps * 2",,361,420,,,,,
M5_V2,INTEL 4216 * 16 CORE * 32 Thread * 2.1 GHz * 2,1024,"SAS HDD * 1.2 TB * 2,/r/n SAS SSD * 960 GB * 8","1 Gbps * 2,/r/n 10 Gbps * 2",,407,471,,,,,
M5_V3,INTEL 4314 * 16 CORE * 32 Thread * 2.4 GHz * 2,1024,"SAS HDD * 1.2 TB * 2,/r/n SAS SSD * 1.92 TB * 5","1 Gbps * 2,/r/n 25 Gbps * 2",,423,491,,,,,
M6_V2,INTEL 5220R * 24 CORE * 48 Thread * 2.2 GHz * 2,1728,"SAS HDD * 1.2 TB * 2,/r/n SAS SSD * 960 GB * 4","1 Gbps * 2,/r/n 10 Gbps * 2",,610,762,,,,,
M7_V3,INTEL 4314 * 16 CORE * 32 Thread * 2.4 GHz * 2,512,"SAS HDD * 1.2 TB * 2,/r/n SAS SSD * 3.84 TB * 3","1 Gbps * 2,/r/n 25 Gbps * 2",,564,648,,,,,
M8_V4,INTEL 6438M * 32 CORE * 64 Thread * 2.2 GHz * 2,2048,NVMe RI SSD * 7.68 TB * 1,"1 Gbps * 2,/r/n 25 Gbps * 2",,673,711,,,,,
MAC INTEL,INTEL i7 * 3 CORE * 6 Thread * 3.2 GHz * 1,32,MAC SSD * 2 TB * 1,1 Gbps * 1,,0,0,,,,,
MAC M1,APPLE M1 * 0 CORE * 0 Thread * 0 GHz * 1,16,MAC SSD * 2 TB * 1,1 Gbps * 1,,0,0,,,,,
MAC_INTEL,,32,,,,0,0,,,,,
MAC_M1,,16,,,,0,0,,,,,
MYSQL,INTEL 6240L * 18 CORE * 36 Thread * 2.6 GHz * 2,384,"SAS SSD * 960 GB * 6,/r/n SAS PCIE * 750 GB * 1,/r/n SAS PCIE * 4 TB * 1","1 Gbps * 2,/r/n 10 Gbps * 2",,488,572,,,,,
OCEANCYBER 300,HUAWEI KunPeng920 * 32 CORE * 64 Thread * 2.6 GHz * 2,128,"SAS SSD * 960 GB * 2,/r/n SATA HDD * 10 TB * 2","1 Gbps * 4,/r/n 25 Gbps * 4",,480,600,,,,,
OCEANSTOR 9550,,16,,,,0,0,,,,,
OCEANSTOR_PACIFIC_9950,INTEL 4314 * 16 CORE * 32 Thread * 2.4 GHz * 4,1024,NVMe RI SSD * 7.68 TB * 40,100 Gbps * 8,,377,4200,,,,,
POC,,0,,,,0,0,,,,,
POC_4GPU_V4,INTEL 4416+ * 20 CORE * 40 Thread * 2 GHz * 2,128,"SAS SSD * 960 GB * 2,/r/n M.2 SATA SSD * 480 GB * 2","1 Gbps * 2,/r/n 25 Gbps * 2",A30 NVIDIA * PCIE * 24 GB * 2,120,1300,,,,,
POC_4U60_V4,INTEL 5416S * 16 CORE * 32 Thread * 2 GHz * 2,512,"NVMe PCIe SSD * 6.4 TB * 2,/r/n SATA SSD * 960 GB * 2,/r/n SATA HDD * 20 TB * 60",25 Gbps * 2,,100,1100,,,,,
POC_D19_A4,AMD 9654 * 96 CORE * 192 Thread * 2.4 GHz * 1,1536,"NVMe PCIe SSD * 3.84 TB * 3,/r/n SATA SSD * 960 GB * 2",25 Gbps * 2,,600,650,,,,,
POC_D19_A4_1152G,AMD 9654 * 96 CORE * 192 Thread * 2.4 GHz * 1,1152,"NVMe SSD * 3.84 GB * 3,/r/n SATA SSD * 960 GB * 2",25 Gbps * 2,,600,650,,,,,
POC_D19_A4_768G,AMD 9654 * 96 CORE * 192 Thread * 2.4 GHz * 1,768,"NVMe SSD * 3.84 GB * 3,/r/n SATA SSD * 960 GB * 2",25 Gbps * 2,,600,650,,,,,
POC_D19_A5,XFUSION 9745 * 128 CORE * 256 Thread * 2.4 GHz * 1,1152,"NVMe SSD * 3.84 GB * 3,/r/n SATA SSD * 960 GB * 2",25 Gbps * 2,,600,650,,,,,
POC_D19_A5_192C,AMD 9645 * 96 CORE * 192 Thread * 2.3 GHz * 1,1152,"NVMe SSD * 3.84 GB * 3,/r/n SATA SSD * 960 GB * 2",25 Gbps * 2,,600,650,,,,,
POC_D19_V6,INTEL 6746E * 56 CORE * 112 Thread * 2 GHz * 2,2048,"M.2 SATA SSD * 480 GB * 2,/r/n NVMe SSD * 3.84 GB * 3",25 Gbps * 2,,878,978,,,,,
POC_L_V4,INTEL 8468 * 48 CORE * 96 Thread * 2.1 GHz * 2,512,NVMe SSD * 3.84 TB * 2,"25 Gbps * 2,/r/n 10 Gbps * 2",,750,800,,,,,
POC_S2_V6,INTEL 6746E * 56 CORE * 112 Thread * 2 GHz * 2,2048,"M.2 SATA SSD * 480 GB * 2,/r/n NVMe SSD * 3.2 TB * 2",25 Gbps * 2,,86,950,,,,,
POC_S2_V6_L,INTEL E6756E * 128 CORE * 256 Thread * 1.8 GHz * 2,2048,"M.2 SSD * 480 GB * 2,/r/n NVMe SSD * 1.92 TB * 2",25 Gbps * 2,,860,900,,,,,
R840,INTEL 5220 * 18 CORE * 36 Thread * 2.2 GHz * 4,1024,"M.2 SSD * 240 GB * 2,/r/n M.2 SAS * 960 GB * 9","1 Gbps * 2,/r/n 10 Gbps * 2",,510,597,,,,,
REDIS,INTEL 6248 * 20 CORE * 40 Thread * 2.5 GHz * 2,192,"SAS SSD * 3.84 TB * 2,/r/n SAS U.2 * 4 TB * 2","1 Gbps * 2,/r/n 10 Gbps * 2",,259,299,,,,,
S1,INTEL 4116 * 12 CORE * 24 Thread * 2.1 GHz * 2,128,SAS HDD * 1.2 TB * 2,"1 Gbps * 2,/r/n 10 Gbps * 2",,247,286,,,,,
S1_256G,INTEL 4116 * 12 CORE * 24 Thread * 2.1 GHz * 1,256,SAS HDD * 1.2 TB * 2,"1 Gbps * 2,/r/n 10 Gbps * 2",,287,330,,,,,
S1_512G,INTEL 4116 * 12 CORE * 24 Thread * 2.1 GHz * 2,512,SAS HDD * 1.2 TB * 2,"1 Gbps * 2,/r/n 25 Gbps * 2",,286,324,,,,,
S1_512G_40C,DELL E5-2640V4 * 10 CORE * 20 Thread * 3.4 GHz * 2,512,SAS SSD * 1.2 TB * 2,"1 Gbps * 2,/r/n 25 Gbps * 2",,290,330,,,,,
S1_512G_E5,INTEL E5-2650V4 * 12 CORE * 24 Thread * 2.9 GHz * 2,512,SAS HDD * 1.2 TB * 4,25 Gbps * 2,,337,367,,,,,
S1_72C_256G,INTEL E5-2697V4 * 18 CORE * 36 Thread * 2.3 GHz * 2,256,SAS HDD * 1.2 TB * 4,"1 Gbps * 2,/r/n 10 Gbps * 2",,377,430,,,,,
S1_80C_256G,INTEL 6148 * 20 CORE * 40 Thread * 2.4 GHz * 2,256,SAS HDD * 1.2 TB * 4,"1 Gbps * 2,/r/n 10 Gbps * 2",,387,440,,,,,
S1_MULTI_NIC,INTEL 4116 * 12 CORE * 24 Thread * 2.1 GHz * 2,128,SAS HDD * 1.2 TB * 2,"1 Gbps * 2,/r/n 10 Gbps * 2",,247,286,,,,,
S1_NVME,INTEL 4116 * 12 CORE * 24 Thread * 2.1 GHz * 2,128,SAS HDD * 1.2 TB * 2,"1 Gbps * 2,/r/n 10 Gbps * 2",,247,286,,,,,
S1_V2,INTEL 4216 * 16 CORE * 32 Thread * 2.1 GHz * 2,256,SAS HDD * 1.2 TB * 4,"1 Gbps * 2,/r/n 10 Gbps * 2",,297,371,,,,,
S1_V2_512,INTEL 5118 * 12 CORE * 24 Thread * 2.3 GHz * 2,512,SAS HDD * 1.2 TB * 4,"1 Gbps * 2,/r/n 25 Gbps * 2",,329,384,,,,,
S1_V2_512G,INTEL 5118 * 12 CORE * 24 Thread * 2.3 GHz * 2,512,SAS HDD * 1.2 TB * 4,"1 Gbps * 2,/r/n 25 Gbps * 2",,329,384,,,,,
S1_V2_80C,INTEL 6248 * 20 CORE * 40 Thread * 2.5 GHz * 2,256,SAS HDD * 1.2 TB * 4,"1 Gbps * 2,/r/n 25 Gbps * 2",,387,440,,,,,
S1_V2_MULTI_NIC,INTEL 4216 * 16 CORE * 32 Thread * 2.1 GHz * 2,256,SAS HDD * 1.2 TB * 4,"1 Gbps * 2,/r/n 10 Gbps * 2",,297,371,,,,,
S1_V2_NVME,INTEL 4216 * 16 CORE * 32 Thread * 2.1 GHz * 2,256,SAS HDD * 1.2 TB * 4,"1 Gbps * 2,/r/n 10 Gbps * 2",,297,371,,,,,
S1_V2_SSD,INTEL 4216 * 16 CORE * 32 Thread * 2.1 GHz * 2,256,"SAS HDD * 1.2 TB * 2,/r/n SAS SSD * 960 GB * 1","1 Gbps * 2,/r/n 25 Gbps * 2",,305,378,,,,,
S1_V2-SEMQQSFVLM,,0,,,,0,0,,,,,
S1_V3,INTEL 4314 * 16 CORE * 32 Thread * 2.4 GHz * 2,256,SAS HDD * 1.2 TB * 4,"1 Gbps * 2,/r/n 25 Gbps * 2",,353,416,,,,,
S1_V3_MULTI_NIC,INTEL 4314 * 16 CORE * 32 Thread * 2.4 GHz * 2,256,SAS HDD * 1.2 TB * 4,"1 Gbps * 2,/r/n 25 Gbps * 2",,353,416,,,,,
S1_V4,INTEL 5416S * 16 CORE * 32 Thread * 2 GHz * 2,256,SATA SSD * 960 GB * 2,"1 Gbps * 2,/r/n 25 Gbps * 2",,433,440,,,,,
S1(DELTA-),INTEL 4116 * 12 CORE * 24 Thread * 2.1 GHz * 2,128,SAS HDD * 1.2 TB * 2,"1 Gbps * 2,/r/n 10 Gbps * 2",,247,286,,,,,
S1(DELTA+),INTEL 4116 * 12 CORE * 24 Thread * 2.1 GHz * 2,128,SAS HDD * 1.2 TB * 2,"1 Gbps * 2,/r/n 10 Gbps * 2",,247,286,,,,,
S10_V2,INTEL 4216 * 16 CORE * 32 Thread * 2.1 GHz * 2,128,"SAS HDD * 1.2 TB * 2,/r/n SAS SSD * 960 GB * 1","1 Gbps * 2,/r/n 10 Gbps * 4",,276,325,,,,,
S11_V3,INTEL 4314 * 16 CORE * 32 Thread * 2.4 GHz * 2,256,SAS SSD * 1.2 TB * 2,25 Gbps * 2,,343,404,,,,,
S11FPGA_V2,INTEL 4216 * 16 CORE * 32 Thread * 2.1 GHz * 2,256,SAS HDD * 1.2 TB * 4,"1 Gbps * 2,/r/n 25 Gbps * 2",A10 INTEL * PCIE * 4 GB * 2,450,562,,,,,
S12_V2,INTEL 4216 * 16 CORE * 32 Thread * 2.1 GHz * 2,256,SAS HDD * 1.2 TB * 8,"1 Gbps * 2,/r/n 10 Gbps * 2",,322,367,,,,,
S12_V3,INTEL 4314 * 16 CORE * 32 Thread * 2.4 GHz * 2,256,"SAS HDD * 1.2 TB * 2,/r/n SAS SSD * 1.92 TB * 4","1 Gbps * 2,/r/n 10 Gbps * 2",,365,428,,,,,
S1MLX_V2,INTEL 4216 * 16 CORE * 32 Thread * 2.1 GHz * 2,256,SAS HDD * 1.2 TB * 4,"1 Gbps * 2,/r/n 25 Gbps * 2",,300,375,,,,,
S2_V2,INTEL 4216 * 16 CORE * 32 Thread * 2.1 GHz * 2,128,SAS HDD * 1.2 TB * 2,"1 Gbps * 2,/r/n 10 Gbps * 2",,242,284,,,,,
S2_V3,INTEL 4316 * 20 CORE * 40 Thread * 2.3 GHz * 2,256,NVMe SSD * 1.6 TB * 1,"1 Gbps * 2,/r/n 25 Gbps * 2",,350,420,,,,,
S2_V3_MULTI_NIC,INTEL 4316 * 20 CORE * 40 Thread * 2.3 GHz * 2,256,NVMe SSD * 1.6 TB * 1,"1 Gbps * 2,/r/n 25 Gbps * 2",,350,420,,,,,
S2MLX_V3,INTEL 4316 * 20 CORE * 40 Thread * 2.3 GHz * 2,256,NVMe SSD * 1.6 TB * 1,"1 Gbps * 2,/r/n 25 Gbps * 2",,350,420,,,,,
S3_V2,INTEL 4216 * 16 CORE * 32 Thread * 2.1 GHz * 2,512,SAS HDD * 1.2 TB * 4,"1 Gbps * 2,/r/n 10 Gbps * 2",,313,370,,,,,
S3_V3,INTEL 4314 * 16 CORE * 32 Thread * 2.4 GHz * 2,512,SAS HDD * 1.2 TB * 4,"1 Gbps * 2,/r/n 10 Gbps * 2",,370,435,,,,,
S4_V2,INTEL 4215 * 8 CORE * 16 Thread * 2.5 GHz * 2,128,SAS HDD * 1.2 TB * 2,"1 Gbps * 2,/r/n 10 Gbps * 2",,225,262,,,,,
S4_V3,INTEL 4314 * 16 CORE * 32 Thread * 2.4 GHz * 1,128,SAS HDD * 1.2 TB * 2,"1 Gbps * 2,/r/n 10 Gbps * 2",,216,248,,,,,
S5_V2,INTEL 4216 * 16 CORE * 32 Thread * 2.1 GHz * 2,128,SAS SSD * 960 GB * 2,"1 Gbps * 2,/r/n 10 Gbps * 2",,270,319,,,,,
S5_V3,INTEL 4314 * 16 CORE * 32 Thread * 2.4 GHz * 2,256,SATA SSD * 960 GB * 2,"1 Gbps * 2,/r/n 25 Gbps * 2",,355,418,,,,,
S6_V2,INTEL 4216 * 16 CORE * 32 Thread * 2.1 GHz * 2,128,"SAS SSD * 960 GB * 2,/r/n SAS SSD * 1.92 TB * 1","1 Gbps * 2,/r/n 10 Gbps * 2",,276,325,,,,,
S6_V3,INTEL 4314 * 16 CORE * 32 Thread * 2.4 GHz * 2,256,"SAS SSD * 1.92 TB * 2,/r/n SATA SSD * 960 GB * 2","1 Gbps * 2,/r/n 25 Gbps * 2",,353,416,,,,,
S7_V2,INTEL 4215 * 8 CORE * 16 Thread * 2.5 GHz * 2,64,"SAS HDD * 1.2 TB * 2,/r/n SAS SSD * 960 GB * 2","1 Gbps * 2,/r/n 10 Gbps * 4",,234,270,,,,,
S8_V2,INTEL 4215 * 8 CORE * 16 Thread * 2.5 GHz * 2,64,"SAS HDD * 1.2 TB * 2,/r/n SAS SSD * 960 GB * 4","1 Gbps * 2,/r/n 10 Gbps * 4",,251,290,,,,,
S9_V2,INTEL 4214R * 12 CORE * 24 Thread * 2.4 GHz * 2,128,SAS HDD * 600 GB * 4,"1 Gbps * 4,/r/n 10 Gbps * 2",,301,343,,,,,
SPARK,INTEL 5218 * 16 CORE * 32 Thread * 2.3 GHz * 2,384,"SAS SSD * 3.84 TB * 2,/r/n SAS U.2 * 4 TB * 2","1 Gbps * 2,/r/n 10 Gbps * 2",,435,503,,,,,
SPSBR_V2,INTEL 5218N * 16 CORE * 32 Thread * 2.3 GHz * 2,512,"NVMe SSD * 1.6 TB * 2,/r/n M.2 HDD * 240 GB * 2,/r/n SAS SSD * 7.68 TB * 2","1 Gbps * 2,/r/n 10 Gbps * 4",,384,424,,,,,
UNKNOW,,0,,,,0,0,,,,,
V1_V1,INTEL E5-2682 v4 * 16 CORE * 32 Thread * 2.5 GHz * 2,256,SAS HDD * 1.2 TB * 4,40 Gbps * 4,,361,427,,,,,
V1_V2,INTEL 4314 * 16 CORE * 32 Thread * 2.4 GHz * 2,256,SAS HDD * 1.2 TB * 4,25 Gbps * 4,,402,470,,,,,
V2_V1,INTEL E5-2682 v4 * 16 CORE * 32 Thread * 2.5 GHz * 2,256,"SAS HDD * 1.2 TB * 2,/r/n SAS SATA * 8 TB * 14",40 Gbps * 4,,525,591,,,,,
V2_V2,INTEL 4314 * 16 CORE * 32 Thread * 2.4 GHz * 2,256,"SAS HDD * 1.2 TB * 2,/r/n SAS SATA * 8 TB * 14",25 Gbps * 4,,576,644,,,,,
V3_V1,INTEL E5-2682 v4 * 16 CORE * 32 Thread * 2.5 GHz * 2,256,"SATA SSD * 480 GB * 2,/r/n SATA SATA * 3.84 TB * 8",40 Gbps * 4,,481,546,,,,,
V3_V2,INTEL 6326 * 16 CORE * 32 Thread * 2.9 GHz * 2,256,"SATA SSD * 480 GB * 2,/r/n SATA SATA * 3.84 TB * 8",25 Gbps * 4,,594,689,,,,,
VM_DC1M4l,EVM EVM * 1 CORE * 1 Thread * 0 * 16,64,,,,0,0,,,,,
VM_DC1M4m,EVM EVM * 1 CORE * 1 Thread * 0 * 8,32,,,,0,0,,,,,
VM_DC1M4s,EVM EVM * 1 CORE * 1 Thread * 0 * 4,16384,,,,0,0,,,,,
VM_DC1M4u,,8,,,,0,0,,,,,
VM_DC1M4xl,EVM EVM * 1 CORE * 1 Thread * 0 * 32,128,,,,0,0,,,,,
VM_DC1M6l,,100,,,,0,0,,,,,
VM_DC1M6xl,,210,,,,0,0,,,,,
VM_DC1M8l,EVM EVM * 1 CORE * 1 Thread * 0 * 16,128,,,,0,0,,,,,
VM_DC1M8xl,,230,,,,0,0,,,,,
VM_DC1M8xl2,,377,,,,0,0,,,,,
VM_GC1M1,EVM EVM * 1 CORE * 1 Thread * 0 * 1,1,,,,0,0,,,,,
VM_GC1M1lianbo,,1,,,,0,0,,,,,
VM_GC2M2lianbo,EVM EVM * 1 CORE * 1 Thread * 0 * 2,2,,,,0,0,,,,,
VM_GC4M4lianbo,EVM EVM * 1 CORE * 1 Thread * 0 * 4,4,,,,0,0,,,,,
VM_LC1M1l,EVM EVM * 1 CORE * 1 Thread * 0 * 16,16,,,,0,0,,,,,
VM_LC1M1m,EVM EVM * 1 CORE * 1 Thread * 0 * 8,8,,,,0,0,,,,,
VM_LC1M1s,EVM EVM * 1 CORE * 1 Thread * 0 * 4,4,,,,0,0,,,,,
VM_LC1M1u,EVM EVM * 1 CORE * 1 Thread * 0 * 2,2,,,,0,0,,,,,
VM_LC1M1xl,,32,,,,0,0,,,,,
VM_LC1M2l,EVM EVM * 1 CORE * 1 Thread * 0 * 16,32768,,,,0,0,,,,,
VM_LC1M2m,EVM EVM * 1 CORE * 1 Thread * 0 * 8,16384,,,,0,0,,,,,
VM_LC1M2n,EVM EVM * 1 CORE * 1 Thread * 0 * 1,2,,,,0,0,,,,,
VM_LC1M2s,EVM EVM * 1 CORE * 1 Thread * 0 * 4,8192,,,,0,0,,,,,
VM_LC1M2u,EVM EVM * 1 CORE * 1 Thread * 0 * 2,4096,,,,0,0,,,,,
VM_LC1M2xl,EVM EVM * 1 CORE * 1 Thread * 0 * 32,65536,,,,0,0,,,,,
VM_LC1M4l,EVM EVM * 1 CORE * 1 Thread * 0 * 16,65536,,,,0,0,,,,,
VM_LC1M4m,EVM EVM * 1 CORE * 1 Thread * 0 * 8,32768,,,,0,0,,,,,
VM_LC1M4n,EVM EVM * 1 CORE * 1 Thread * 0 * 1,4096,,,,0,0,,,,,
VM_LC1M4s,EVM EVM * 1 CORE * 1 Thread * 0 * 4,16384,,,,0,0,,,,,
VM_LC1M4u,EVM EVM * 1 CORE * 1 Thread * 0 * 2,8192,,,,0,0,,,,,
VM_LC1M8m,,64,,,,0,0,,,,,
VM_LC1M8s,EVM EVM * 1 CORE * 1 Thread * 0 * 4,32768,,,,0,0,,,,,
VM_LC1M8u,,16,,,,0,0,,,,,
VM_NC1M1,,1,,,,0,0,,,,,
VM_NC1M4l,EVM EVM * 1 CORE * 1 Thread * 0 * 16,64,,,,0,0,,,,,
VM_NC1M4m,,32,,,,0,0,,,,,
VM_NC1M4s,,16,,,,0,0,,,,,
VM_NC1M4xl,,128,,,,0,0,,,,,
VM_SC1M1l,,16,,,,0,0,,,,,
VM_SC1M1m,,8,,,,0,0,,,,,
VM_SC1M1s,,4,,,,0,0,,,,,
VM_SC1M1u,,2,,,,0,0,,,,,
VM_SC1M1xl,,32,,,,0,0,,,,,
VM_SC1M2l,,32,,,,0,0,,,,,
VM_SC1M2m,,16,,,,0,0,,,,,
VM_SC1M2n,,2,,,,0,0,,,,,
VM_SC1M2s,,8,,,,0,0,,,,,
VM_SC1M2u,,4,,,,0,0,,,,,
VM_SC1M2xl,,64,,,,0,0,,,,,
VM_SC1M4l,,64,,,,0,0,,,,,
VM_SC1M4m,,32,,,,0,0,,,,,
VM_SC1M4n,,4,,,,0,0,,,,,
VM_SC1M4s,,16,,,,0,0,,,,,
VM_SC1M4u,,8,,,,0,0,,,,,
VM_SC1M8m,,64,,,,0,0,,,,,
VM_SC1M8s,,32,,,,0,0,,,,,
VM_SC1M8u,,16,,,,0,0,,,,,
VM_test_GC1M2,EVM EVM * 1 CORE * 1 Thread * 0 * 1,2,,,,0,0,,,,,
S2_V6,,0,,,,868,1085,,,,,
H20_V5,,,,,,956,1195,,,,,
,,,,,,,,,3000,,,
,,,,,,,,,,,,
,,,,,,,,,,,,
,,,,,,,,,,,,
,,,,,,,,,,-,,
,,,,,,,,-,-,-,-,-
,,,,,,,,-,-,-,-,-
,,,,,,,,-,-,-,-,-
,,,,,,,,,,-,-,-
,,,,,,,,,,-,-,-
,,,,,,,,,,-,-,-
,,,,,,,,,,-,-,-
,,,,,,,,,,-,-,-
,,,,,,,,,,-,-,-
,,,,,,,,,-,-,-,-